"","fit.estimate","fit.sd"
"meanlog",-0.40124324248427,0.0564913147738535
"sdlog",0.787601272575285,0.0418581036771681
