"","fit.estimate","fit.sd"
"meanlog",-0.290945429503336,0.0568873327300317
"sdlog",0.864480144534173,0.0423326892285021
