"","fit.estimate","fit.sd"
"meanlog",-0.413116995546443,0.0479145767239847
"sdlog",0.731190326246725,0.0361726906153517
