"","fit.estimate","fit.sd"
"meanlog",-0.544933578103701,0.0639897279020121
"sdlog",0.768674498280962,0.0453049771036757
